id,Product_Name,Color,Size
1,Yeti Cycles SB6 Carbon XX1 Pro ,Purple,L
2,Diamondback Apex Elite,Aquamarine,S
3,Niner Carbon Air 9,Green,3XL
4,Cannondale 29er ,Puce,S
5,Trek SuperFly,Maroon,M
6,GT Sensor CRBN,Puce,XS
7,GT Sensor CRBN,Yellow,2XL
8,GT Sensor CRBN,Crimson,S
9,GT Sensor CRBN,Mauv,S
10,GT Sensor CRBN,Red,S
11,GT Sensor CRBN,Violet,M
12,Trek SuperFly,Orange,M
13,Trek SuperFly,Fuscia,M
14,Trek SuperFly,Purple,S
15,Trek SuperFly,Yellow,XL
16,Trek SuperFly,Puce,XL
17,Trek SuperFly,Puce,2XL
18,Trek SuperFly,Violet,2XL
19,Trek SuperFly,Aquamarine,XS
20,Trek SuperFly,Teal,XS
21,Trek SuperFly,Green,S
22,Trek SuperFly,Yellow,L
23,Trek SuperFly,Green,XL
24,Trek SuperFly,Red,XS
25,Trek SuperFly,Goldenrod,3XL
26,Trek SuperFly,Green,3XL
27,Niner Carbon Air 9,Orange,M
28,Niner Carbon Air 9,Puce,L
29,Niner Carbon Air 9,Teal,S
30,Niner Carbon Air 9,Green,S
31,Niner Carbon Air 9,Indigo,2XL
32,Niner Carbon Air 9,Goldenrod,L
33,Niner Carbon Air 9,Yellow,L
34,Niner Carbon Air 9,Green,S
35,Niner Carbon Air 9,Purple,3XL
36,Niner Carbon Air 9,Indigo,XS
37,Niner Carbon Air 9,Teal,XS
38,Niner Carbon Air 9,Puce,L
39,Niner Carbon Air 9,Purple,2XL
40,Niner Carbon Air 9,Crimson,L
41,Niner Carbon Air 9,Pink,M
42,Niner Carbon Air 9,Violet,S
43,Niner Carbon Air 9,Crimson,XS
44,Niner Carbon Air 9,Aquamarine,S
45,Yeti Cycles SB6 Carbon XX1 Pro ,Khaki,3XL
46,Yeti Cycles SB6 Carbon XX1 Pro ,Orange,XS
47,Yeti Cycles SB6 Carbon XX1 Pro ,Orange,S
48,Yeti Cycles SB6 Carbon XX1 Pro ,Indigo,2XL
49,Yeti Cycles SB6 Carbon XX1 Pro ,Mauv,2XL
50,Yeti Cycles SB6 Carbon XX1 Pro ,Turquoise,L
51,Yeti Cycles SB6 Carbon XX1 Pro ,Teal,XL
52,Yeti Cycles SB6 Carbon XX1 Pro ,Puce,2XL
53,Yeti Cycles SB6 Carbon XX1 Pro ,Violet,M
54,Yeti Cycles SB6 Carbon XX1 Pro ,Pink,XL
55,Yeti Cycles SB6 Carbon XX1 Pro ,Green,XL
56,Yeti Cycles SB6 Carbon XX1 Pro ,Khaki,L
57,Yeti Cycles SB6 Carbon XX1 Pro ,Maroon,XS
58,Yeti Cycles SB6 Carbon XX1 Pro ,Puce,XL
59,Yeti Cycles SB6 Carbon XX1 Pro ,Teal,L
60,Yeti Cycles SB6 Carbon XX1 Pro ,Aquamarine,2XL
61,Yeti Cycles SB6 Carbon XX1 Pro ,Maroon,L
62,Yeti Cycles SB6 Carbon XX1 Pro ,Teal,XL
63,Yeti Cycles SB6 Carbon XX1 Pro ,Maroon,M
64,Yeti Cycles SB6 Carbon XX1 Pro ,Aquamarine,M
65,Yeti Cycles SB6 Carbon XX1 Pro ,Maroon,L
66,Yeti Cycles SB6 Carbon XX1 Pro ,Crimson,M
67,Yeti Cycles SB6 Carbon XX1 Pro ,Red,2XL
68,Yeti Cycles SB6 Carbon XX1 Pro ,Blue,XS
69,Yeti Cycles SB6 Carbon XX1 Pro ,Violet,XL
70,Yeti Cycles SB6 Carbon XX1 Pro ,Khaki,XL
71,Yeti Cycles SB6 Carbon XX1 Pro ,Orange,2XL
72,Yeti Cycles SB6 Carbon XX1 Pro ,Yellow,M
73,Yeti Cycles SB6 Carbon XX1 Pro ,Red,2XL
74,Jamis Nova Pro Di2,Pink,S
75,Jamis Nova Pro Di3,Mauv,L
76,Jamis Nova Pro Di4,Goldenrod,S
77,Jamis Nova Pro Di5,Indigo,3XL
78,Jamis Nova Pro Di6,Pink,M
79,Jamis Nova Pro Di7,Yellow,L
80,Jamis Nova Pro Di8,Mauv,L
81,Jamis Nova Pro Di9,Green,XS
82,Jamis Nova Pro Di10,Goldenrod,L
83,Jamis Nova Pro Di11,Goldenrod,S
84,Jamis Nova Pro Di12,Yellow,XL
85,Jamis Nova Pro Di13,Mauv,XL
86,Jamis Nova Pro Di14,Red,L
87,Jamis Nova Pro Di15,Aquamarine,L
88,Jamis Nova Pro Di16,Aquamarine,3XL
89,Jamis Nova Pro Di17,Orange,3XL
90,Jamis Nova Pro Di18,Violet,M
91,Jamis Nova Pro Di19,Pink,M
92,Jamis Nova Pro Di20,Pink,XS
93,Jamis Nova Pro Di21,Teal,L
94,Jamis Nova Pro Di22,Crimson,XL
95,Jamis Nova Pro Di23,Orange,S
96,Jamis Nova Pro Di24,Pink,S
97,Jamis Nova Pro Di25,Yellow,L
98,Jamis Nova Pro Di26,Purple,M
99,Jamis Nova Pro Di27,Turquoise,S
100,Jamis Nova Pro Di28,Teal,3XL
101,Jamis Nova Pro Di29,Crimson,3XL
102,Jamis Nova Pro Di30,Khaki,L
103,Orbea Ordu M30,Violet,M
104,Orbea Ordu M30,Violet,3XL
105,Orbea Ordu M30,Pink,3XL
106,Orbea Ordu M30,Green,XL
107,Orbea Ordu M30,Pink,2XL
108,Orbea Ordu M30,Fuscia,XL
109,Orbea Ordu M30,Pink,L
110,Orbea Ordu M30,Purple,L
111,Orbea Ordu M30,Orange,L
112,Orbea Ordu M30,Red,L
113,Orbea Ordu M30,Orange,S
114,Orbea Ordu M30,Indigo,XL
115,Orbea Ordu M30,Blue,2XL
116,Orbea Ordu M30,Violet,S
117,Orbea Ordu M30,Maroon,S
118,Orbea Ordu M30,Puce,XL
119,Orbea Ordu M30,Green,XS
120,Orbea Ordu M30,Khaki,S
121,Orbea Ordu M30,Pink,XL
122,Orbea Ordu M30,Goldenrod,S
123,Orbea Ordu M30,Goldenrod,M
124,Orbea Ordu M30,Teal,L
125,Orbea Ordu M30,Goldenrod,XS
126,Orbea Ordu M30,Red,2XL
127,Orbea Ordu M30,Fuscia,XS
128,Orbea Ordu M30,Goldenrod,3XL
129,Orbea Ordu M30,Goldenrod,XL
130,Orbea Ordu M30,Maroon,L
131,Orbea Ordu M30,Indigo,2XL
132,Orbea Ordu M30,Crimson,M
133,Orbea Ordu M30,Red,3XL
134,Orbea Ordu M30,Teal,L
135,Orbea Ordu M30,Crimson,L
136,Niner WFO 9,Violet,S
137,Niner WFO 9,Goldenrod,XS
138,Niner WFO 9,Goldenrod,XS
139,Niner WFO 9,Goldenrod,3XL
140,Niner WFO 9,Indigo,L
141,Niner WFO 9,Blue,2XL
142,Niner WFO 9,Maroon,L
143,Niner WFO 9,Crimson,3XL
144,Niner WFO 9,Maroon,L
145,Niner WFO 9,Purple,2XL
146,Niner WFO 9,Green,S
147,Niner WFO 9,Red,XL
148,Niner WFO 9,Yellow,XL
149,Niner WFO 9,Blue,XL
150,Niner WFO 9,Red,XL
151,Niner WFO 9,Indigo,S
152,Niner WFO 9,Purple,3XL
153,Niner WFO 9,Teal,S
154,Niner WFO 9,Crimson,XL
155,Niner WFO 9,Crimson,2XL
156,Niner WFO 9,Teal,M
157,Niner WFO 9,Fuscia,3XL
158,Niner WFO 9,Violet,L
159,Niner WFO 9,Crimson,XS
160,Niner WFO 9,Red,M
161,Niner WFO 9,Crimson,L
162,Niner WFO 9,Yellow,S
163,Niner WFO 9,Goldenrod,3XL
164,Niner WFO 9,Puce,3XL
165,Niner WFO 9,Fuscia,XS
166,Intense Tracer 275C Pro,Pink,XS
167,Niner Air 9,Pink,2XL
168,Intense Tracer 275C Pro,Pink,XL
169,Intense Tracer 275C Pro,Teal,S
170,Intense Tracer 275C Pro,Green,XL
171,Intense Tracer 275C Pro,Mauv,L
172,Intense Tracer 275C Pro,Pink,S
173,Intense Tracer 275C Pro,Khaki,M
174,Intense Tracer 275C Pro,Orange,L
175,Intense Tracer 275C Pro,Blue,M
176,Intense Tracer 275C Pro,Green,2XL
177,Intense Tracer 275C Pro,Red,L
178,Intense Tracer 275C Pro,Purple,S
179,Intense Tracer 275C Pro,Maroon,S
180,Intense Tracer 275C Pro,Khaki,XL
181,Intense Tracer 275C Pro,Maroon,XL
182,Intense Tracer 275C Pro,Puce,M
183,Intense Tracer 275C Pro,Maroon,L
184,Intense Tracer 275C Pro,Blue,3XL
185,Intense Tracer 275C Pro,Pink,XS
186,Intense Tracer 275C Pro,Orange,2XL
187,Intense Tracer 275C Pro,Goldenrod,S
188,Intense Tracer 275C Pro,Red,XL
189,Intense Tracer 275C Pro,Fuscia,3XL
190,Intense Tracer 275C Pro,Fuscia,XS
191,Intense Tracer 275C Pro,Fuscia,L
192,Intense Tracer 275C Pro,Green,L
193,Intense Tracer 275C Pro,Purple,XL
194,Intense Tracer 275C Pro,Orange,XL
195,Intense Tracer 275C Pro,Teal,2XL
196,Intense Tracer 275C Pro,Crimson,M
197,Intense Tracer 275C Pro,Fuscia,S
198,Intense Tracer 275C Pro,Aquamarine,XS
199,Intense Tracer 275C Pro,Puce,L
200,Intense Tracer 275C Pro,Purple,L
201,Jamis Xenith Elite Femme ,Goldenrod,S
202,Jamis Xenith Elite Femme ,Aquamarine,XL
203,Jamis Xenith Elite Femme ,Pink,2XL
204,Jamis Xenith Elite Femme ,Violet,S
205,Jamis Xenith Elite Femme ,Indigo,XS
206,Jamis Xenith Elite Femme ,Orange,2XL
207,Jamis Xenith Elite Femme ,Khaki,M
208,Jamis Xenith Elite Femme ,Crimson,3XL
209,Jamis Xenith Elite Femme ,Blue,XL
210,Jamis Xenith Elite Femme ,Mauv,L
211,Jamis Xenith Elite Femme ,Pink,S
212,Jamis Xenith Elite Femme ,Fuscia,XS
213,Jamis Xenith Elite Femme ,Yellow,M
214,Jamis Xenith Elite Femme ,Crimson,S
215,Jamis Xenith Elite Femme ,Goldenrod,S
216,Jamis Xenith Elite Femme ,Indigo,L
217,Jamis Xenith Elite Femme ,Yellow,S
218,Jamis Xenith Elite Femme ,Red,S
219,Jamis Xenith Elite Femme ,Orange,XL
220,Jamis Xenith Elite Femme ,Crimson,XS
221,Jamis Xenith Elite Femme ,Indigo,2XL
222,Jamis Xenith Elite Femme ,Turquoise,3XL
223,Jamis Xenith Elite Femme ,Orange,3XL
224,Jamis Xenith Elite Femme ,Puce,XL
225,Jamis Xenith Elite Femme ,Fuscia,S
226,Jamis Xenith Elite Femme ,Indigo,3XL
227,Jamis Xenith Elite Femme ,Crimson,XS
228,Jamis Xenith Elite Femme ,Goldenrod,2XL
229,Jamis Xenith Elite Femme ,Purple,XS
230,Jamis Xenith Elite Femme ,Fuscia,XL
231,Jamis Xenith Elite Femme ,Maroon,2XL
232,Jamis Xenith Elite Femme ,Turquoise,2XL
233,Jamis Xenith Elite Femme ,Fuscia,2XL
234,Jamis Xenith Elite Femme ,Mauv,M
235,Jamis Xenith Elite Femme ,Puce,3XL
236,Jamis Xenith Elite Femme ,Khaki,L
237,Jamis Xenith Elite Femme ,Indigo,3XL
238,Jamis Xenith Elite Femme ,Khaki,M
239,Jamis Xenith Elite Femme ,Crimson,3XL
240,Jamis Xenith Elite Femme ,Fuscia,XS
241,Jamis Xenith Elite Femme ,Violet,XS
242,Jamis Xenith Elite Femme ,Crimson,3XL
243,Jamis Xenith Elite Femme ,Turquoise,S
244,Jamis Xenith Elite Femme ,Pink,S
245,Jamis Xenith Elite Femme ,Orange,L
246,Jamis Xenith Elite Femme ,Indigo,S
247,Rockshox Pike RCT3 29,Orange,M
248,Rockshox Pike RCT3 29,Red,M
249,Rockshox Pike RCT3 29,Aquamarine,XS
250,Rockshox Pike RCT3 29,Orange,XS
251,Rockshox Pike RCT3 29,Mauv,S
252,Rockshox Pike RCT3 29,Purple,L
253,Rockshox Pike RCT3 29,Purple,S
254,Rockshox Pike RCT3 29,Pink,S
255,Rockshox Pike RCT3 29,Yellow,S
256,Rockshox Pike RCT3 29,Fuscia,M
257,Rockshox Pike RCT3 29,Indigo,M
258,Rockshox Pike RCT3 29,Yellow,XL
259,Rockshox Pike RCT3 29,Crimson,3XL
260,Rockshox Pike RCT3 29,Khaki,M
261,Rockshox Pike RCT3 29,Teal,3XL
262,Rockshox Pike RCT3 29,Goldenrod,S
263,Rockshox Pike RCT3 29,Orange,XL
264,Rockshox Pike RCT3 29,Violet,XS
265,Rockshox Pike RCT3 29,Khaki,M
266,Rockshox Pike RCT3 29,Purple,M
267,Rockshox Pike RCT3 29,Pink,3XL
268,Rockshox Pike RCT3 29,Teal,2XL
269,Rockshox Pike RCT3 29,Aquamarine,2XL
270,NINER RIP 9 RDO,Blue,M
271,Rockshox Pike RCT3 29,Blue,M
272,Rockshox Pike RCT3 29,Purple,3XL
273,Rockshox Pike RCT3 29,Purple,S
274,Rockshox Pike RCT3 29,Blue,M
275,Rockshox Pike RCT3 29,Mauv,M
276,Rockshox Pike RCT3 29,Khaki,S
277,Rockshox Pike RCT3 29,Violet,XS
278,Rockshox Pike RCT3 29,Maroon,S
279,Rockshox Pike RCT3 29,Mauv,XS
280,Rockshox Pike RCT3 29,Khaki,XS
281,Rockshox Pike RCT3 29,Violet,L
282,Rockshox Pike RCT3 29,Turquoise,3XL
283,Rockshox Pike RCT3 29,Crimson,XS
284,Rockshox Pike RCT3 29,Pink,M
285,Rockshox Pike RCT3 29,Indigo,S
286,Rockshox Pike RCT3 29,Crimson,2XL
287,Rockshox Pike RCT3 29,Pink,S
288,Rockshox Pike RCT3 29,Purple,L
289,Rockshox Pike RCT3 29,Puce,2XL
290,NINER RIP 9 RDO,Violet,2XL
291,NINER RIP 9 RDO,Indigo,L
292,NINER RIP 9 RDO,Teal,3XL
293,NINER RIP 9 RDO,Mauv,S
294,NINER RIP 9 RDO,Khaki,S
295,NINER RIP 9 RDO,Green,S
296,NINER RIP 9 RDO,Pink,2XL
297,NINER RIP 9 RDO,Khaki,XL
298,NINER RIP 9 RDO,Maroon,XL
299,NINER RIP 9 RDO,Turquoise,XL
300,NINER RIP 9 RDO,Aquamarine,M
301,NINER RIP 9 RDO,Fuscia,L
302,NINER RIP 9 RDO,Indigo,S
303,NINER RIP 9 RDO,Red,3XL
304,NINER RIP 9 RDO,Yellow,XS
305,NINER RIP 9 RDO,Pink,XL
306,NINER RIP 9 RDO,Maroon,XS
307,NINER RIP 9 RDO,Orange,XS
308,NINER RIP 9 RDO,Orange,L
309,NINER RIP 9 RDO,Crimson,S
310,NINER RIP 9 RDO,Yellow,S
311,NINER RIP 9 RDO,Turquoise,XL
312,NINER RIP 9 RDO,Yellow,XS
313,NINER RIP 9 RDO,Maroon,2XL
314,NINER RIP 9 RDO,Aquamarine,XL
315,NINER RIP 9 RDO,Teal,2XL
316,NINER RIP 9 RDO,Purple,S
317,NINER RIP 9 RDO,Pink,L
318,NINER RIP 9 RDO,Pink,S
319,NINER RIP 9 RDO,Turquoise,S
320,NINER RIP 9 RDO,Orange,M
321,NINER RIP 9 RDO,Puce,2XL
322,NINER RIP 9 RDO,Red,L
323,NINER RIP 9 RDO,Pink,XS
324,NINER RIP 9 RDO,Orange,2XL
325,NINER RIP 9 RDO,Mauv,XL
326,NINER RIP 9 RDO,Purple,L
327,NINER RIP 9 RDO,Green,L
328,NINER RIP 9 RDO,Red,L
329,NINER RIP 9 RDO,Puce,L
330,NINER RIP 9 RDO,Pink,3XL
331,NINER RIP 9 RDO,Purple,3XL
332,NINER RIP 9 RDO,Goldenrod,L
333,NINER RIP 9 RDO,Maroon,XL
334,NINER RIP 9 RDO,Pink,L
335,SRAM XG-1199 XX1 11 Speed Cassette,Black,3XL
336,SRAM XG-1199 XX1 11 Speed Cassette,Black,M
337,SRAM XG-1199 XX1 11 Speed Cassette,Black,XL
338,SRAM XG-1199 XX1 11 Speed Cassette,Black,XS
339,SRAM XG-1199 XX1 11 Speed Cassette,Black,M
340,SRAM XG-1199 XX1 11 Speed Cassette,Black,XS
341,SRAM XG-1199 XX1 11 Speed Cassette,Black,3XL
342,SRAM XG-1199 XX1 11 Speed Cassette,Black,L
343,SRAM XG-1199 XX1 11 Speed Cassette,Silver,XL
344,SRAM XG-1199 XX1 11 Speed Cassette,Silver,2XL
345,SRAM XG-1199 XX1 11 Speed Cassette,Silver,L
346,SRAM XG-1199 XX1 11 Speed Cassette,Silver,M
347,SRAM XG-1199 XX1 11 Speed Cassette,Silver,S
348,SRAM XG-1199 XX1 11 Speed Cassette,Silver,M
349,SRAM XX1 GXP Crank with 32T Ring,Crimson,XS
350,SRAM XX1 GXP Crank with 32T Ring,Violet,2XL
351,SRAM XX1 GXP Crank with 32T Ring,Yellow,2XL
352,SRAM XX1 GXP Crank with 32T Ring,Crimson,3XL
353,SRAM XX1 GXP Crank with 32T Ring,Red,M
354,SRAM XX1 GXP Crank with 32T Ring,Indigo,3XL
355,SRAM XX1 GXP Crank with 32T Ring,Teal,S
356,SRAM XX1 GXP Crank with 32T Ring,Teal,3XL
357,SRAM XX1 GXP Crank with 32T Ring,Red,S
358,SRAM XX1 GXP Crank with 32T Ring,Teal,3XL
359,SRAM XX1 GXP Crank with 32T Ring,Teal,L
360,SRAM XX1 GXP Crank with 32T Ring,Green,2XL
361,SRAM XX1 GXP Crank with 32T Ring,Goldenrod,L
362,SRAM XX1 GXP Crank with 32T Ring,Red,L
363,SRAM XX1 GXP Crank with 32T Ring,Khaki,3XL
364,SRAM XX1 GXP Crank with 32T Ring,Crimson,XL
365,SRAM XX1 GXP Crank with 32T Ring,Turquoise,XS
366,SRAM XX1 GXP Crank with 32T Ring,Blue,XL
367,SRAM XX1 GXP Crank with 32T Ring,Purple,2XL
368,SRAM XX1 GXP Crank with 32T Ring,Red,S
369,SRAM XX1 GXP Crank with 32T Ring,Khaki,S
370,SRAM XX1 GXP Crank with 32T Ring,Indigo,L
371,SRAM XX1 GXP Crank with 32T Ring,Pink,XL
372,SRAM XX1 GXP Crank with 32T Ring,Goldenrod,M
373,SRAM XX1 GXP Crank with 32T Ring,Khaki,3XL
374,SRAM XX1 GXP Crank with 32T Ring,Purple,XS
375,SRAM XX1 GXP Crank with 32T Ring,Khaki,M
376,SRAM XX1 GXP Crank with 32T Ring,Teal,3XL
377,SRAM XX1 GXP Crank with 32T Ring,Indigo,M
378,Race Face Aeffect 27.5  Wheelset ,Turquoise,M
379,Race Face Aeffect 27.5  Wheelset ,Khaki,XL
380,Race Face Aeffect 27.5  Wheelset ,Purple,S
381,Race Face Aeffect 27.5  Wheelset ,Indigo,XL
382,Race Face Aeffect 27.5  Wheelset ,Goldenrod,3XL
383,Race Face Aeffect 27.5  Wheelset ,Maroon,M
384,Race Face Aeffect 27.5  Wheelset ,Blue,3XL
385,Race Face Aeffect 27.5  Wheelset ,Violet,3XL
386,Race Face Aeffect 27.5  Wheelset ,Mauv,XL
387,Race Face Aeffect 27.5  Wheelset ,Maroon,L
388,Race Face Aeffect 27.5  Wheelset ,Fuscia,L
389,Race Face Aeffect 27.5  Wheelset ,Crimson,2XL
390,Race Face Aeffect 27.5  Wheelset ,Red,3XL
391,Race Face Aeffect 27.5  Wheelset ,Purple,XL
392,Race Face Aeffect 27.5  Wheelset ,Teal,XS
393,Race Face Aeffect 27.5  Wheelset ,Indigo,2XL
394,Race Face Aeffect 27.5  Wheelset ,Goldenrod,S
395,Race Face Aeffect 27.5  Wheelset ,Mauv,S
396,Race Face Aeffect 27.5  Wheelset ,Indigo,2XL
397,Race Face Aeffect 27.5  Wheelset ,Aquamarine,XL
398,Race Face Aeffect 27.5  Wheelset ,Mauv,L
399,Race Face Aeffect 27.5  Wheelset ,Maroon,XS
400,Race Face Aeffect 27.5  Wheelset ,Aquamarine,XS
401,Race Face Aeffect 29  Wheelset ,Red,XS
402,Race Face Aeffect 29  Wheelset ,Blue,M
403,Race Face Aeffect 29  Wheelset ,Aquamarine,M
404,Race Face Aeffect 29  Wheelset ,Puce,S
405,Race Face Aeffect 29  Wheelset ,Turquoise,L
406,Race Face Aeffect 29  Wheelset ,Goldenrod,2XL
407,Race Face Aeffect 29  Wheelset ,Violet,XL
408,Race Face Aeffect 29  Wheelset ,Khaki,XL
409,Race Face Aeffect 29  Wheelset ,Pink,S
410,Race Face Aeffect 29  Wheelset ,Blue,XL
411,Race Face Aeffect 29  Wheelset ,Goldenrod,M
412,Race Face Aeffect 29  Wheelset ,Mauv,XS
413,Race Face Aeffect 29  Wheelset ,Blue,S
414,Race Face Aeffect 29  Wheelset ,Khaki,S
415,Race Face Aeffect 29  Wheelset ,Khaki,XS
416,Race Face Aeffect 29  Wheelset ,Teal,3XL
417,Race Face Aeffect 29  Wheelset ,Violet,M
418,Race Face Aeffect 29  Wheelset ,Yellow,3XL
419,Race Face Aeffect 29  Wheelset ,Khaki,L
420,Race Face Aeffect 29  Wheelset ,Aquamarine,XL
421,Race Face Aeffect 29  Wheelset ,Pink,XS
422,Race Face Aeffect 29  Wheelset ,Maroon,S
423,Race Face Aeffect 29  Wheelset ,Turquoise,XL
424,Race Face Aeffect 29  Wheelset ,Fuscia,S
425,Race Face Aeffect 29  Wheelset ,Khaki,M
426,Race Face Aeffect 29  Wheelset ,Turquoise,2XL
427,Race Face Aeffect 29  Wheelset ,Blue,M
428,Race Face Aeffect 29  Wheelset ,Khaki,2XL
429,Race Face Aeffect 29  Wheelset ,Fuscia,2XL
430,Ibis Mojo HD3 Frame,Turquoise,M
431,Ibis Mojo HD3 Frame,Teal,2XL
432,Ibis Mojo HD3 Frame,Yellow,XL
433,Ibis Mojo HD3 Frame,Yellow,M
434,Ibis Mojo HD3 Frame,Khaki,S
435,Ibis Mojo HD3 Frame,Aquamarine,XL
436,Ibis Mojo HD3 Frame,Crimson,XS
437,Ibis Mojo HD3 Frame,Fuscia,M
438,Ibis Mojo HD3 Frame,Crimson,2XL
439,Ibis Mojo HD3 Frame,Puce,2XL
440,Ibis Mojo HD3 Frame,Violet,XS
441,Ibis Mojo HD3 Frame,Pink,XS
442,Ibis Mojo HD3 Frame,Yellow,L
443,Ibis Mojo HD3 Frame,Khaki,XL
444,Ibis Mojo HD3 Frame,Khaki,XS
445,Ibis Mojo HD3 Frame,Maroon,XS
446,Ibis Mojo HD3 Frame,Goldenrod,L
447,Ibis Mojo HD3 Frame,Crimson,3XL
448,Ibis Mojo HD3 Frame,Teal,L
449,Ibis Mojo HD3 Frame,Puce,3XL
450,Ibis Mojo HD3 Frame,Orange,XL
451,Ibis Mojo HD3 Frame,Khaki,XL
452,Ibis Mojo HD3 Frame,Puce,M
453,Ibis Mojo HD3 Frame,Indigo,XL
454,Ibis Mojo HD3 Frame,Mauv,XS
455,Ibis Mojo HD3 Frame,Blue,S
456,Ibis Mojo HD3 Frame,Violet,2XL
457,Ibis Mojo HD3 Frame,Yellow,XL
458,Ibis Mojo HD3 Frame,Turquoise,2XL
459,Niner Air 9 2-Star SLX ,Purple,XS
460,Niner Air 9 2-Star SLX ,Red,L
461,Niner Air 9 2-Star SLX ,Mauv,L
462,Niner Air 9 2-Star SLX ,Indigo,XS
463,Niner Air 9 2-Star SLX ,Indigo,2XL
464,Niner Air 9 2-Star SLX ,Green,XS
465,Niner Air 9 2-Star SLX ,Blue,M
466,Niner Air 9 2-Star SLX ,Goldenrod,2XL
467,Niner Air 9 2-Star SLX ,Pink,2XL
468,Niner Air 9 2-Star SLX ,Khaki,M
469,Niner Air 9 2-Star SLX ,Red,XS
470,Niner Air 9 2-Star SLX ,Purple,L
471,Niner Air 9 2-Star SLX ,Blue,L
472,Niner Air 9 2-Star SLX ,Pink,M
473,Niner Air 9 2-Star SLX ,Goldenrod,XS
474,Niner Air 9 2-Star SLX ,Red,L
475,Niner Air 9 2-Star SLX ,Turquoise,2XL
476,Niner Air 9 2-Star SLX ,Purple,L
477,Niner Air 9 2-Star SLX ,Crimson,XS
478,Niner Air 9 2-Star SLX ,Turquoise,M
479,Niner Air 9 2-Star SLX ,Puce,XL
480,Niner Air 9 2-Star SLX ,Green,XL
481,Niner Air 9 2-Star SLX ,Orange,XS
482,Niner Air 9 2-Star SLX ,Crimson,2XL
483,Niner Air 9 2-Star SLX ,Turquoise,3XL
484,Niner Air 9 2-Star SLX ,Yellow,3XL
485,Niner Air 9 2-Star SLX ,Orange,2XL
486,Niner Air 9 2-Star SLX ,Aquamarine,L
487,Niner BSB 9 RDO 2-Star 105 Cyclocross,Puce,L
488,Niner BSB 9 RDO 2-Star 105 Cyclocross,Pink,XL
489,Niner BSB 9 RDO 2-Star 105 Cyclocross,Turquoise,M
490,Niner BSB 9 RDO 2-Star 105 Cyclocross,Mauv,XL
491,Niner BSB 9 RDO 2-Star 105 Cyclocross,Mauv,2XL
492,Niner BSB 9 RDO 2-Star 105 Cyclocross,Khaki,XS
493,Niner BSB 9 RDO 2-Star 105 Cyclocross,Aquamarine,XL
494,Niner BSB 9 RDO 2-Star 105 Cyclocross,Teal,XS
495,Niner BSB 9 RDO 2-Star 105 Cyclocross,Maroon,S
496,Niner BSB 9 RDO 2-Star 105 Cyclocross,Blue,S
497,Niner BSB 9 RDO 2-Star 105 Cyclocross,Khaki,2XL
498,Niner BSB 9 RDO 2-Star 105 Cyclocross,Orange,XS
499,Niner BSB 9 RDO 2-Star 105 Cyclocross,Mauv,XL
500,Niner BSB 9 RDO 2-Star 105 Cyclocross,Goldenrod,3XL
501,Niner BSB 9 RDO 2-Star 105 Cyclocross,Teal,XL
502,Niner BSB 9 RDO 2-Star 105 Cyclocross,Turquoise,3XL
503,Niner BSB 9 RDO 2-Star 105 Cyclocross,Khaki,M
504,Niner BSB 9 RDO 2-Star 105 Cyclocross,Turquoise,XL
505,Niner BSB 9 RDO 2-Star 105 Cyclocross,Mauv,XL
506,Niner BSB 9 RDO 2-Star 105 Cyclocross,Blue,M
507,Niner BSB 9 RDO 2-Star 105 Cyclocross,Blue,3XL
508,Niner BSB 9 RDO 2-Star 105 Cyclocross,Aquamarine,XL
509,Niner BSB 9 RDO 2-Star 105 Cyclocross,Goldenrod,M
510,Niner BSB 9 RDO 2-Star 105 Cyclocross,Khaki,L
511,Niner BSB 9 RDO 2-Star 105 Cyclocross,Pink,S
512,Niner BSB 9 RDO 2-Star 105 Cyclocross,Purple,L
513,Niner BSB 9 RDO 2-Star 105 Cyclocross,Mauv,2XL
514,Niner BSB 9 RDO 2-Star 105 Cyclocross,Blue,2XL
515,Niner BSB 9 RDO 2-Star 105 Cyclocross,Yellow,L
516,Niner BSB 9 RDO 2-Star 105 Cyclocross,Goldenrod,2XL
517,Niner BSB 9 RDO 2-Star 105 Cyclocross,Blue,L
518,Niner BSB 9 RDO 2-Star 105 Cyclocross,Mauv,S
519,Niner BSB 9 RDO 2-Star 105 Cyclocross,Puce,2XL
520,Niner BSB 9 RDO 2-Star 105 Cyclocross,Red,S
521,Niner BSB 9 RDO 2-Star 105 Cyclocross,Violet,S
522,Niner BSB 9 RDO 2-Star 105 Cyclocross,Red,S
523,Niner BSB 9 RDO 2-Star 105 Cyclocross,Aquamarine,M
524,Niner BSB 9 RDO 2-Star 105 Cyclocross,Blue,L
525,Niner BSB 9 RDO 2-Star 105 Cyclocross,Purple,3XL
526,Niner BSB 9 RDO 2-Star 105 Cyclocross,Violet,M
527,Niner BSB 9 RDO 2-Star 105 Cyclocross,Goldenrod,XS
528,Niner Air 9 RDO Carbon,Puce,3XL
529,Niner Air 9 RDO Carbon,Aquamarine,S
530,Niner Air 9 RDO Carbon,Puce,L
531,Niner Air 9 RDO Carbon,Fuscia,M
532,Niner Air 9 RDO Carbon,Khaki,2XL
533,Niner Air 9 RDO Carbon,Goldenrod,M
534,Niner Air 9 RDO Carbon,Turquoise,M
535,Niner Air 9 RDO Carbon,Indigo,L
536,Niner Air 9 RDO Carbon,Maroon,XL
537,Niner Air 9 RDO Carbon,Goldenrod,M
538,Niner Air 9 RDO Carbon,Puce,3XL
539,Niner Air 9 RDO Carbon,Teal,M
540,Niner Air 9 RDO Carbon,Red,M
541,Niner Air 9 RDO Carbon,Yellow,M
542,Niner Air 9 RDO Carbon,Teal,XL
543,Niner Air 9 RDO Carbon,Fuscia,3XL
544,Niner Air 9 RDO Carbon,Mauv,XL
545,Niner Air 9 RDO Carbon,Teal,XS
546,Niner Air 9 RDO Carbon,Mauv,S
547,Niner Air 9 RDO Carbon,Blue,3XL
548,Niner Air 9 RDO Carbon,Blue,2XL
549,Niner Air 9 RDO Carbon,Red,XL
550,Niner Air 9 RDO Carbon,Puce,XL
551,Niner Air 9 RDO Carbon,Indigo,M
552,Niner Air 9 RDO Carbon,Orange,L
553,Niner Air 9 RDO Carbon,Mauv,2XL
554,Niner Air 9 RDO Carbon,Red,L
555,Niner Air 9 RDO Carbon,Yellow,S
556,Niner Air 9 RDO Carbon,Aquamarine,M
557,Niner Air 9 RDO Carbon,Indigo,2XL
558,Niner JET 9 RDO Mountain Bike Frame,Mauv,XL
559,Niner JET 9 RDO Mountain Bike Frame,Fuscia,XL
560,Niner JET 9 RDO Mountain Bike Frame,Goldenrod,XL
561,Niner JET 9 RDO Mountain Bike Frame,Yellow,M
562,Niner JET 9 RDO Mountain Bike Frame,Turquoise,XL
563,Niner JET 9 RDO Mountain Bike Frame,Aquamarine,M
564,Niner JET 9 RDO Mountain Bike Frame,Purple,2XL
565,Niner JET 9 RDO Mountain Bike Frame,Crimson,3XL
566,Niner JET 9 RDO Mountain Bike Frame,Indigo,XS
567,Niner JET 9 RDO Mountain Bike Frame,Violet,XS
568,Niner JET 9 RDO Mountain Bike Frame,Purple,S
569,Niner JET 9 RDO Mountain Bike Frame,Khaki,S
570,Niner JET 9 RDO Mountain Bike Frame,Puce,M
571,Niner JET 9 RDO Mountain Bike Frame,Orange,2XL
572,Niner JET 9 RDO Mountain Bike Frame,Crimson,M
573,Niner JET 9 RDO Mountain Bike Frame,Goldenrod,S
574,Niner JET 9 RDO Mountain Bike Frame,Purple,2XL
575,Niner JET 9 RDO Mountain Bike Frame,Red,S
576,Niner JET 9 RDO Mountain Bike Frame,Pink,XL
577,Niner JET 9 RDO Mountain Bike Frame,Pink,XL
578,Niner JET 9 RDO Mountain Bike Frame,Goldenrod,S
579,Niner JET 9 RDO Mountain Bike Frame,Maroon,XS
580,Niner JET 9 RDO Mountain Bike Frame,Violet,S
581,Niner JET 9 RDO Mountain Bike Frame,Fuscia,S
582,Niner JET 9 RDO Mountain Bike Frame,Turquoise,XL
583,Niner JET 9 RDO Mountain Bike Frame,Puce,XS
584,Niner JET 9 RDO Mountain Bike Frame,Khaki,XS
585,Niner JET 9 RDO Mountain Bike Frame,Violet,L
586,Niner JET 9 RDO Mountain Bike Frame,Violet,S
587,Niner JET 9 RDO Mountain Bike Frame,Mauv,XS
588,Niner JET 9 RDO Mountain Bike Frame,Yellow,2XL
589,Niner JET 9 RDO Mountain Bike Frame,Crimson,S
590,Niner JET 9 RDO Mountain Bike Frame,Yellow,S
591,Niner JET 9 RDO Mountain Bike Frame,Purple,3XL
592,Niner JET 9 RDO Mountain Bike Frame,Pink,L
593,Niner JET 9 RDO Mountain Bike Frame,Aquamarine,S
594,Niner JET 9 RDO Mountain Bike Frame,Turquoise,XS
595,Niner JET 9 RDO Mountain Bike Frame,Green,XL
596,Bianchi Infinito CV Bike,Khaki,S
597,Bianchi Infinito CV Bike,Orange,S
598,Bianchi Infinito CV Bike,Maroon,M
599,Bianchi Infinito CV Bike,Yellow,XL
600,Bianchi Infinito CV Bike,Orange,M
601,Bianchi Infinito CV Bike,Puce,XS
602,Bianchi Infinito CV Bike,Yellow,2XL
603,Bianchi Infinito CV Bike,Goldenrod,XS
604,Bianchi Infinito CV Bike,Red,2XL
605,Bianchi Infinito CV Bike,Crimson,S
606,Bianchi Infinito CV Bike,Green,S
607,Bianchi Infinito CV Bike,Orange,M
608,Bianchi Infinito CV Bike,Yellow,M
609,Bianchi Infinito CV Bike,Blue,2XL
610,Bianchi Infinito CV Bike,Crimson,XS
611,Bianchi Infinito CV Bike,Goldenrod,S
612,Bianchi Infinito CV Bike,Teal,XS
613,Bianchi Infinito CV Bike,Red,2XL
614,Bianchi Infinito CV Bike,Maroon,XS
615,Bianchi Infinito CV Bike,Yellow,S
616,Bianchi Infinito CV Bike,Pink,L
617,Bianchi Infinito CV Bike,Maroon,L
618,Bianchi Infinito CV Bike,Mauv,XS
619,Bianchi Infinito CV Bike,Maroon,2XL
620,Bianchi Infinito CV Bike,Violet,M
621,Bianchi Infinito CV Bike,Turquoise,L
622,Bianchi Infinito CV Bike,Goldenrod,M
623,Bianchi Infinito CV Bike,Khaki,M
624,Bianchi Infinito CV Bike,Fuscia,3XL
625,Bianchi Infinito CV Bike,Pink,2XL
626,Bianchi Infinito CV Bike,Mauv,3XL
627,Bianchi Infinito CV Bike,Fuscia,2XL
628,Bianchi Sempre Carbon Frame,Puce,S
629,Bianchi Sempre Carbon Frame,Aquamarine,2XL
630,Bianchi Sempre Carbon Frame,Blue,2XL
631,Bianchi Sempre Carbon Frame,Teal,S
632,Bianchi Sempre Carbon Frame,Violet,M
633,Bianchi Sempre Carbon Frame,Indigo,L
634,Bianchi Sempre Carbon Frame,Yellow,L
635,Bianchi Sempre Carbon Frame,Red,XS
636,Bianchi Sempre Carbon Frame,Khaki,2XL
637,Bianchi Sempre Carbon Frame,Red,M
638,Bianchi Sempre Carbon Frame,Khaki,XL
639,Bianchi Sempre Carbon Frame,Pink,XL
640,Bianchi Sempre Carbon Frame,Teal,XL
641,Bianchi Sempre Carbon Frame,Orange,3XL
642,Bianchi Sempre Carbon Frame,Goldenrod,XS
643,Bianchi Sempre Carbon Frame,Teal,M
644,Bianchi Sempre Carbon Frame,Puce,3XL
645,Bianchi Sempre Carbon Frame,Aquamarine,3XL
646,Bianchi Sempre Carbon Frame,Goldenrod,2XL
647,Bianchi Sempre Carbon Frame,Goldenrod,L
648,Bianchi Sempre Carbon Frame,Pink,M
649,Bianchi Sempre Carbon Frame,Mauv,XL
650,Bianchi Sempre Carbon Frame,Crimson,M
651,Bianchi Sempre Carbon Frame,Turquoise,S
652,Bianchi Sempre Carbon Frame,Purple,3XL
653,Bianchi Sempre Carbon Frame,Pink,3XL
654,Bianchi Sempre Carbon Frame,Pink,S
655,Bianchi Sempre Carbon Frame,Puce,3XL
656,Bianchi Sempre Carbon Frame,Orange,2XL
657,Bianchi Sempre Carbon Frame,Turquoise,S
658,Bianchi Sempre Carbon Frame,Khaki,XS
659,Bianchi Sempre Carbon Frame,Orange,S
660,Bianchi Sempre Carbon Frame,Mauv,XL
661,Bianchi Infinito CV Road Bike Frame,Blue,XL
662,Bianchi Infinito CV Road Bike Frame,Green,M
663,Bianchi Infinito CV Road Bike Frame,Maroon,XS
664,Bianchi Infinito CV Road Bike Frame,Crimson,XL
665,Bianchi Infinito CV Road Bike Frame,Crimson,M
666,Bianchi Infinito CV Road Bike Frame,Yellow,M
667,Bianchi Infinito CV Road Bike Frame,Green,XS
668,Bianchi Infinito CV Road Bike Frame,Purple,L
669,Bianchi Infinito CV Road Bike Frame,Khaki,S
670,Bianchi Infinito CV Road Bike Frame,Teal,S
671,Bianchi Infinito CV Road Bike Frame,Purple,XL
672,Bianchi Infinito CV Road Bike Frame,Green,S
673,Bianchi Infinito CV Road Bike Frame,Khaki,2XL
674,Bianchi Infinito CV Road Bike Frame,Crimson,S
675,Bianchi Infinito CV Road Bike Frame,Aquamarine,3XL
676,Bianchi Infinito CV Road Bike Frame,Violet,L
677,Bianchi Infinito CV Road Bike Frame,Turquoise,2XL
678,Bianchi Infinito CV Road Bike Frame,Red,XL
679,Bianchi Infinito CV Road Bike Frame,Purple,3XL
680,Bianchi Infinito CV Road Bike Frame,Goldenrod,3XL
681,Bianchi Infinito CV Road Bike Frame,Maroon,S
682,Bianchi Infinito CV Road Bike Frame,Mauv,M
683,Bianchi Infinito CV Road Bike Frame,Puce,XS
684,Bianchi Infinito CV Road Bike Frame,Khaki,2XL
685,Bianchi Infinito CV Road Bike Frame,Violet,XL
686,Bianchi Infinito CV Road Bike Frame,Green,XS
687,Bianchi Infinito CV Road Bike Frame,Red,XL
688,Bianchi Infinito CV Road Bike Frame,Fuscia,S
689,Bianchi Infinito CV Road Bike Frame,Aquamarine,S
690,Bianchi Infinito CV Road Bike Frame,Teal,S
691,Bianchi Infinito CV Road Bike Frame,Khaki,3XL
692,Bianchi Infinito CV Road Bike Frame,Goldenrod,XS
693,Bianchi Infinito CV Road Bike Frame,Yellow,M
694,Bianchi Infinito CV Road Bike Frame,Teal,L
695,Bianchi Infinito CV Road Bike Frame,Turquoise,S
696,Bianchi Infinito CV Road Bike Frame,Orange,XS
697,Bianchi Sempre Pro ,Purple,S
698,Bianchi Sempre Pro ,Puce,XS
699,Bianchi Sempre Pro ,Green,M
700,Bianchi Sempre Pro ,Mauv,XS
701,Bianchi Sempre Pro ,Khaki,M
702,Bianchi Sempre Pro ,Pink,2XL
703,Bianchi Sempre Pro ,Mauv,XL
704,Bianchi Sempre Pro ,Violet,L
705,Bianchi Sempre Pro ,Blue,M
706,Bianchi Sempre Pro ,Goldenrod,2XL
707,Bianchi Sempre Pro ,Purple,3XL
708,Bianchi Sempre Pro ,Goldenrod,XS
709,Bianchi Sempre Pro ,Fuscia,L
710,Bianchi Sempre Pro ,Red,2XL
711,Bianchi Sempre Pro ,Mauv,3XL
712,Bianchi Sempre Pro ,Maroon,M
713,Bianchi Sempre Pro ,Purple,S
714,Bianchi Sempre Pro ,Puce,M
715,Bianchi Sempre Pro ,Turquoise,3XL
716,Bianchi Sempre Pro ,Pink,XL
717,Bianchi Sempre Pro ,Fuscia,S
718,Bianchi Sempre Pro ,Puce,XS
719,Bianchi Sempre Pro ,Puce,M
720,Bianchi Sempre Pro ,Orange,3XL
721,Bianchi Sempre Pro ,Maroon,3XL
722,Bianchi Sempre Pro ,Puce,M
723,Bianchi Sempre Pro ,Maroon,S
724,Bianchi Sempre Pro ,Indigo,XL
725,Bianchi Sempre Pro ,Indigo,S
726,Bianchi Sempre Pro ,Orange,XL
727,Bianchi Sempre Pro ,Khaki,L
728,Bianchi Sempre Pro ,Khaki,3XL
729,Bianchi Sempre Pro ,Turquoise,L
730,Bianchi Sempre Pro ,Fuscia,2XL
731,Bianchi Sempre Pro ,Indigo,3XL
732,Bianchi Sempre Pro ,Violet,2XL
733,Litespeed C1R Bike With Custom Hand-Built Wheels,Yellow,XS
734,Litespeed C1R Bike With Custom Hand-Built Wheels,Fuscia,L
735,Litespeed C1R Bike With Custom Hand-Built Wheels,Teal,2XL
736,Litespeed C1R Bike With Custom Hand-Built Wheels,Maroon,M
737,Litespeed C1R Bike With Custom Hand-Built Wheels,Purple,M
738,Litespeed C1R Bike With Custom Hand-Built Wheels,Yellow,3XL
739,Litespeed C1R Bike With Custom Hand-Built Wheels,Yellow,2XL
740,Litespeed C1R Bike With Custom Hand-Built Wheels,Goldenrod,3XL
741,Litespeed C1R Bike With Custom Hand-Built Wheels,Red,3XL
742,Litespeed C1R Bike With Custom Hand-Built Wheels,Violet,XS
743,Litespeed C1R Bike With Custom Hand-Built Wheels,Mauv,XS
744,Litespeed C1R Bike With Custom Hand-Built Wheels,Red,L
745,Litespeed C1R Bike With Custom Hand-Built Wheels,Orange,S
746,Litespeed C1R Bike With Custom Hand-Built Wheels,Turquoise,M
747,Litespeed C1R Bike With Custom Hand-Built Wheels,Maroon,M
748,Litespeed C1R Bike With Custom Hand-Built Wheels,Purple,S
749,Litespeed C1R Bike With Custom Hand-Built Wheels,Goldenrod,S
750,Litespeed C1R Bike With Custom Hand-Built Wheels,Red,S
751,Litespeed C1R Bike With Custom Hand-Built Wheels,Khaki,M
752,Litespeed C1R Bike With Custom Hand-Built Wheels,Indigo,2XL
753,Litespeed C1R Bike With Custom Hand-Built Wheels,Khaki,M
754,Litespeed C1R Bike With Custom Hand-Built Wheels,Turquoise,2XL
755,Litespeed C1R Bike With Custom Hand-Built Wheels,Mauv,L
756,Litespeed C1R Bike With Custom Hand-Built Wheels,Turquoise,2XL
757,Litespeed C1R Bike With Custom Hand-Built Wheels,Khaki,XL
758,Litespeed C1R Bike With Custom Hand-Built Wheels,Maroon,XL
759,Litespeed C1R Bike With Custom Hand-Built Wheels,Turquoise,XL
760,Litespeed C1R Bike With Custom Hand-Built Wheels,Yellow,M
761,Litespeed C1R Bike With Custom Hand-Built Wheels,Fuscia,3XL
762,Litespeed C1R Bike With Custom Hand-Built Wheels,Puce,2XL
763,Litespeed C1R Bike With Custom Hand-Built Wheels,Blue,3XL
764,Litespeed C1R Bike With Custom Hand-Built Wheels,Pink,XS
765,Litespeed C1R Bike With Custom Hand-Built Wheels,Fuscia,M
766,Litespeed L1 Ultegra Bike MD - 2014,Indigo,XL
767,Litespeed L1 Ultegra Bike MD - 2015,Pink,S
768,Litespeed L1 Ultegra Bike MD - 2016,Goldenrod,3XL
769,Litespeed L1 Ultegra Bike MD - 2017,Puce,L
770,Litespeed L1 Ultegra Bike MD - 2018,Orange,XL
771,Litespeed L1 Ultegra Bike MD - 2019,Turquoise,XL
772,Litespeed L1 Ultegra Bike MD - 2020,Puce,M
773,Litespeed L1 Ultegra Bike MD - 2021,Crimson,3XL
774,Litespeed L1 Ultegra Bike MD - 2022,Khaki,M
775,Litespeed L1 Ultegra Bike MD - 2023,Mauv,3XL
776,Litespeed L1 Ultegra Bike MD - 2024,Puce,XL
777,Litespeed L1 Ultegra Bike MD - 2025,Blue,XL
778,Litespeed L1 Ultegra Bike MD - 2026,Maroon,L
779,Litespeed L1 Ultegra Bike MD - 2027,Purple,XS
780,Litespeed L1 Ultegra Bike MD - 2028,Mauv,3XL
781,Litespeed L1 Ultegra Bike MD - 2029,Green,2XL
782,Litespeed L1 Ultegra Bike MD - 2030,Purple,2XL
783,Litespeed L1 Ultegra Bike MD - 2031,Indigo,S
784,Litespeed L1 Ultegra Bike MD - 2032,Aquamarine,XL
785,Litespeed L1 Ultegra Bike MD - 2033,Maroon,S
786,Litespeed L1 Ultegra Bike MD - 2034,Orange,3XL
787,Litespeed L1 Ultegra Bike MD - 2035,Green,XL
788,Litespeed L1 Ultegra Bike MD - 2036,Pink,M
789,Litespeed L1 Ultegra Bike MD - 2037,Yellow,S
790,Litespeed L1 Ultegra Bike MD - 2038,Indigo,L
791,Litespeed L1 Ultegra Bike MD - 2039,Aquamarine,XL
792,Litespeed L1 Ultegra Bike MD - 2040,Khaki,L
793,Litespeed L1 Ultegra Bike MD - 2041,Teal,XS
794,Litespeed L1 Ultegra Bike MD - 2042,Blue,L
795,Litespeed L1 Ultegra Bike MD - 2043,Puce,2XL
796,Litespeed L1 Ultegra Bike MD - 2044,Crimson,3XL
797,Litespeed L1 Ultegra Bike MD - 2045,Aquamarine,XL
798,Litespeed L1 Ultegra Bike MD - 2046,Indigo,L
799,Litespeed L1 Ultegra Bike MD - 2047,Blue,3XL
800,Litespeed L1 Ultegra Bike MD - 2048,Blue,2XL
801,Litespeed L1 Ultegra Bike MD - 2049,Purple,2XL
802,Litespeed L1 Ultegra Bike MD - 2050,Yellow,M
803,Litespeed L1 Ultegra Bike MD - 2051,Aquamarine,XL
804,Litespeed T5 Gravel Frameset,Mauv,XS
805,Litespeed T5 Gravel Frameset,Crimson,XL
806,Litespeed T5 Gravel Frameset,Indigo,XL
807,Litespeed T5 Gravel Frameset,Fuscia,S
808,Litespeed T5 Gravel Frameset,Maroon,XS
809,Litespeed T5 Gravel Frameset,Indigo,XS
810,Litespeed T5 Gravel Frameset,Maroon,3XL
811,Litespeed T5 Gravel Frameset,Mauv,XL
812,Litespeed T5 Gravel Frameset,Yellow,2XL
813,Litespeed T5 Gravel Frameset,Blue,L
814,Litespeed T5 Gravel Frameset,Orange,2XL
815,Litespeed T5 Gravel Frameset,Indigo,S
816,Litespeed T5 Gravel Frameset,Aquamarine,XL
817,Litespeed T5 Gravel Frameset,Goldenrod,XS
818,Litespeed T5 Gravel Frameset,Blue,XL
819,Litespeed T5 Gravel Frameset,Crimson,L
820,Litespeed T5 Gravel Frameset,Pink,3XL
821,Litespeed T5 Gravel Frameset,Red,3XL
822,Litespeed T5 Gravel Frameset,Indigo,S
823,Litespeed T5 Gravel Frameset,Red,3XL
824,Litespeed T5 Gravel Frameset,Violet,S
825,Litespeed T5 Gravel Frameset,Green,L
826,Litespeed T5 Gravel Frameset,Maroon,XS
827,Litespeed T5 Gravel Frameset,Crimson,L
828,Litespeed T5 Gravel Frameset,Aquamarine,L
829,Litespeed T5 Gravel Frameset,Turquoise,L
830,Litespeed T5 Gravel Frameset,Khaki,2XL
831,Litespeed T5 Gravel Frameset,Goldenrod,XL
832,Litespeed T5 Gravel Frameset,Pink,S
833,Litespeed T5 Gravel Frameset,Yellow,XL
834,Litespeed T5 Gravel Frameset,Crimson,S
835,Litespeed T5 Gravel Frameset,Green,L
836,Litespeed T5 Gravel Frameset,Pink,3XL
837,Litespeed T5 Gravel Frameset,Pink,L
838,Yeti Cycles SB6 Carbon XX1 Pro ,Indigo,2XL
839,Diamondback Apex Elite,Crimson,2XL
840,Niner Carbon Air 9,Yellow,3XL
841,Cannondale 29er ,Purple,3XL
842,Trek SuperFly,Mauv,XL
843,GT Sensor CRBN,Khaki,3XL
844,Yeti Cycles SB6 Carbon XX1 Pro ,Mauv,XS
845,Diamondback Apex Elite,Pink,M
846,Niner Carbon Air 9,Pink,3XL
847,Cannondale 29er ,Yellow,L
848,Trek SuperFly,Crimson,S
849,GT Sensor CRBN,Yellow,M
850,Yeti Cycles SB6 Carbon XX1 Pro ,Fuscia,XS
851,Diamondback Apex Elite,Green,M
852,Niner Carbon Air 9,Aquamarine,XL
853,Cannondale 29er ,Indigo,M
854,Trek SuperFly,Puce,S
855,GT Sensor CRBN,Yellow,S
856,Yeti Cycles SB6 Carbon XX1 Pro ,Aquamarine,S
857,Diamondback Apex Elite,Yellow,2XL
858,Niner Carbon Air 9,Crimson,M
859,Cannondale 29er ,Pink,3XL
860,Trek SuperFly,Purple,S
861,GT Sensor CRBN,Teal,XL
862,Yeti Cycles SB6 Carbon XX1 Pro ,Red,3XL
863,Diamondback Apex Elite,Mauv,M
864,Niner Carbon Air 9,Indigo,L
865,Cannondale 29er ,Orange,2XL
866,Trek SuperFly,Teal,M
867,GT Sensor CRBN,Mauv,XL
868,Yeti Cycles SB6 Carbon XX1 Pro ,Orange,3XL
869,Diamondback Apex Elite,Purple,XS
870,Niner Carbon Air 9,Teal,3XL
871,Cannondale 29er ,Crimson,XL
872,Trek SuperFly,Mauv,XS
873,GT Sensor CRBN,Crimson,XL
874,Yeti Cycles SB6 Carbon XX1 Pro ,Puce,S
875,Diamondback Apex Elite,Green,2XL
876,Niner Carbon Air 9,Red,L
877,Cannondale 29er ,Blue,XL
878,Trek SuperFly,Turquoise,XL
879,GT Sensor CRBN,Goldenrod,2XL
880,Yeti Cycles SB6 Carbon XX1 Pro ,Red,2XL
881,Diamondback Apex Elite,Pink,XS
882,Niner Carbon Air 9,Orange,M
883,Cannondale 29er ,Aquamarine,S
884,Trek SuperFly,Aquamarine,XS
885,GT Sensor CRBN,Red,XS
886,Yeti Cycles SB6 Carbon XX1 Pro ,Mauv,3XL
887,Diamondback Apex Elite,Goldenrod,S
888,Niner Carbon Air 9,Crimson,3XL
889,Cannondale 29er ,Violet,2XL
890,Trek SuperFly,Goldenrod,2XL
891,GT Sensor CRBN,Teal,3XL
892,Yeti Cycles SB6 Carbon XX1 Pro ,Teal,M
893,Diamondback Apex Elite,Goldenrod,XS
894,Niner Carbon Air 9,Blue,M
895,Cannondale 29er ,Crimson,2XL
896,Trek SuperFly,Fuscia,2XL
897,GT Sensor CRBN,Red,L
898,Yeti Cycles SB6 Carbon XX1 Pro ,Maroon,L
899,Diamondback Apex Elite,Crimson,S
900,Niner Carbon Air 9,Indigo,M
901,Cannondale 29er ,Turquoise,XL
902,Trek SuperFly,Mauv,M
903,GT Sensor CRBN,Red,3XL
904,Yeti Cycles SB6 Carbon XX1 Pro ,Red,XS
905,Diamondback Apex Elite,Indigo,S
906,Niner Carbon Air 9,Pink,L
907,Cannondale 29er ,Aquamarine,XS
908,Trek SuperFly,Indigo,M
909,GT Sensor CRBN,Indigo,M
910,Yeti Cycles SB6 Carbon XX1 Pro ,Red,M
911,Diamondback Apex Elite,Maroon,XS
912,Niner Carbon Air 9,Turquoise,XS
913,Cannondale 29er ,Puce,XL
914,Trek SuperFly,Violet,2XL
915,GT Sensor CRBN,Red,S
916,Yeti Cycles SB6 Carbon XX1 Pro ,Goldenrod,3XL
917,Diamondback Apex Elite,Purple,3XL
918,Niner Carbon Air 9,Red,2XL
919,Cannondale 29er ,Red,S
920,Trek SuperFly,Indigo,3XL
921,GT Sensor CRBN,Orange,M
922,Yeti Cycles SB6 Carbon XX1 Pro ,Aquamarine,M
923,Diamondback Apex Elite,Goldenrod,XL
924,Niner Carbon Air 9,Green,XL
925,Cannondale 29er ,Yellow,2XL
926,Trek SuperFly,Orange,L
927,GT Sensor CRBN,Red,2XL
928,Yeti Cycles SB6 Carbon XX1 Pro ,Violet,2XL
929,Diamondback Apex Elite,Khaki,XS
930,Niner Carbon Air 9,Pink,S
931,Cannondale 29er ,Turquoise,2XL
932,Trek SuperFly,Blue,3XL
933,GT Sensor CRBN,Red,3XL
934,Yeti Cycles SB6 Carbon XX1 Pro ,Goldenrod,S
935,Diamondback Apex Elite,Yellow,M
936,Niner Carbon Air 9,Indigo,3XL
937,Cannondale 29er ,Teal,S
938,Trek SuperFly,Fuscia,3XL
939,GT Sensor CRBN,Puce,XL
940,Yeti Cycles SB6 Carbon XX1 Pro ,Maroon,2XL
941,Diamondback Apex Elite,Teal,2XL
942,Niner Carbon Air 9,Blue,XS
943,Cannondale 29er ,Violet,3XL
944,Trek SuperFly,Khaki,S
945,GT Sensor CRBN,Fuscia,XL
946,Yeti Cycles SB6 Carbon XX1 Pro ,Blue,XL
947,Diamondback Apex Elite,Red,3XL
948,Niner Carbon Air 9,Aquamarine,XL
949,Cannondale 29er ,Indigo,XL
950,Trek SuperFly,Violet,M
951,GT Sensor CRBN,Red,S
952,Yeti Cycles SB6 Carbon XX1 Pro ,Turquoise,L
953,Diamondback Apex Elite,Orange,L
954,Niner Carbon Air 9,Puce,S
955,Cannondale 29er ,Green,XS
956,Trek SuperFly,Khaki,2XL
957,GT Sensor CRBN,Yellow,XL
958,Yeti Cycles SB6 Carbon XX1 Pro ,Green,L
959,Diamondback Apex Elite,Turquoise,2XL
960,Niner Carbon Air 9,Mauv,S
961,Cannondale 29er ,Pink,L
962,Trek SuperFly,Aquamarine,S
963,GT Sensor CRBN,Crimson,XL
964,Yeti Cycles SB6 Carbon XX1 Pro ,Green,S
965,Diamondback Apex Elite,Purple,XS
966,Niner Carbon Air 9,Teal,2XL
967,Cannondale 29er ,Aquamarine,M
968,Trek SuperFly,Crimson,2XL
969,GT Sensor CRBN,Green,M
970,Yeti Cycles SB6 Carbon XX1 Pro ,Mauv,XS
971,Diamondback Apex Elite,Goldenrod,S
972,Niner Carbon Air 9,Turquoise,S
973,Cannondale 29er ,Fuscia,3XL
974,Trek SuperFly,Purple,XS
975,GT Sensor CRBN,Fuscia,S
976,Yeti Cycles SB6 Carbon XX1 Pro ,Aquamarine,3XL
977,Diamondback Apex Elite,Maroon,S
978,Niner Carbon Air 9,Pink,S
979,Cannondale 29er ,Mauv,XS
980,Trek SuperFly,Pink,XL
981,GT Sensor CRBN,Khaki,S
982,Yeti Cycles SB6 Carbon XX1 Pro ,Yellow,XL
983,Diamondback Apex Elite,Khaki,M
984,Niner Carbon Air 9,Turquoise,M
985,Cannondale 29er ,Mauv,3XL
986,Trek SuperFly,Teal,XL
987,GT Sensor CRBN,Crimson,XL
988,Yeti Cycles SB6 Carbon XX1 Pro ,Pink,2XL
989,Diamondback Apex Elite,Puce,M
990,Niner Carbon Air 9,Pink,3XL
991,Cannondale 29er ,Indigo,XS
992,Trek SuperFly,Mauv,2XL
993,GT Sensor CRBN,Aquamarine,2XL
994,Yeti Cycles SB6 Carbon XX1 Pro ,Indigo,XL
995,Diamondback Apex Elite,Maroon,XS
996,Niner Carbon Air 9,Violet,L
997,Cannondale 29er ,Violet,M
998,Trek SuperFly,Orange,3XL
999,GT Sensor CRBN,Violet,3XL
1000,GT Sensor CRBN,Khaki,3XL
